"session_id","turn","timestamp","user_message","ai_response"
"0783c272-14d1-41e7-a815-6a2c8f8e12ad","1","2025-09-26 10:58:23","ユーザー5のターン1メッセージです。","ありがとうございます。
あなたは「学業成績」を30%重視し、一次通過と判断されています。

【状況整理】
- あなた：学業成績30%、基礎能力テスト25%、実践経験20%、推薦・評価15%、志望動機10%
- 参加者全員は見送り判断
- 参加者の重視傾向は多様で、特に「学業成績」の重視度に差があり、2つの対立群が存在
  1) 価値観が異なる群（あなた30% vs 参加者0の15%）
  2) 価値観が近い群（あなた30% vs 参加者1の35%）

【質問】
あなたの判断で最も決定的だった要素は何でしょうか？
また、この点について追加質問や異議申立てはありますか？"
"0783c272-14d1-41e7-a815-6a2c8f8e12ad","2","2025-09-26 10:58:28","ユーザー5のターン2メッセージです。","承知しました。
あなたの判断で最も決定的だった要素について教えていただきありがとうございます。

【状況整理】
- あなたは「学業成績」を重視しつつ、基礎能力テストや実践経験もバランスよく評価
- 参加者は全員見送りで、特に「実践経験」や「推薦・評価」を重視する傾向が強い
- 価値観の異なる群（参加者0）は「学業成績」軽視で「実践経験」重視
- 価値観の近い群（参加者1）は「学業成績」さらに重視しつつも見送り判断

【質問】
「学業成績」を30%重視し一次通過とした理由について、特にどの点を重視されましたか？
また、参加者の見送り判断に対して異議申立てや追加質問はありますか？"
